year,tsi_mean,tsi_std,tsi_p25,tsi_p75,tsi_coverage,tsi_rf_mean,tsi_rf_std,tsi_rf_p25,tsi_rf_p75,tsi_rf_coverage,tp_ug_l_mean,tp_ug_l_std,tp_ug_l_p25,tp_ug_l_p75,tp_ug_l_coverage,tp_ug_l_rf_mean,tp_ug_l_rf_std,tp_ug_l_rf_p25,tp_ug_l_rf_p75,tp_ug_l_rf_coverage,colour_mg_pt_l_mean,colour_mg_pt_l_std,colour_mg_pt_l_p25,colour_mg_pt_l_p75,colour_mg_pt_l_coverage,colour_mg_pt_l_rf_mean,colour_mg_pt_l_rf_std,colour_mg_pt_l_rf_p25,colour_mg_pt_l_rf_p75,colour_mg_pt_l_rf_coverage,tn_ug_l_mean,tn_ug_l_std,tn_ug_l_p25,tn_ug_l_p75,tn_ug_l_coverage,tn_ug_l_rf_mean,tn_ug_l_rf_std,tn_ug_l_rf_p25,tn_ug_l_rf_p75,tn_ug_l_rf_coverage,np_molar_ratio_mean,np_molar_ratio_std,np_molar_ratio_p25,np_molar_ratio_p75,np_molar_ratio_coverage,np_molar_ratio_rf_mean,np_molar_ratio_rf_std,np_molar_ratio_rf_p25,np_molar_ratio_rf_p75,np_molar_ratio_rf_coverage,secchi_m_mean,secchi_m_std,secchi_m_p25,secchi_m_p75,secchi_m_coverage,secchi_m_rf_mean,secchi_m_rf_std,secchi_m_rf_p25,secchi_m_rf_p75,secchi_m_rf_coverage,chla_ug_l_mean,chla_ug_l_std,chla_ug_l_p25,chla_ug_l_p75,chla_ug_l_coverage,chla_ug_l_rf_mean,chla_ug_l_rf_std,chla_ug_l_rf_p25,chla_ug_l_rf_p75,chla_ug_l_rf_coverage,ph_mean,ph_std,ph_p25,ph_p75,ph_coverage,ph_rf_mean,ph_rf_std,ph_rf_p25,ph_rf_p75,ph_rf_coverage,do_pct_sat_mean,do_pct_sat_std,do_pct_sat_p25,do_pct_sat_p75,do_pct_sat_coverage,do_pct_sat_rf_mean,do_pct_sat_rf_std,do_pct_sat_rf_p25,do_pct_sat_rf_p75,do_pct_sat_rf_coverage
2000,40.003,12.349,30.923,46.712,54.4,41.358,11.355,31.377,45.893,100.0,24.278,45.987,6.75,22.784,54.4,29.875,32.972,11.709,30.068,100.0,82.589,48.182,52.958,106.686,31.5,69.637,34.824,55.21,84.187,100.0,,,,,0.0,,,,,0.0,,,,,0.0,,,,,0.0,3.144,1.272,2.211,4.166,2.4,3.5,0.0,3.5,3.5,100.0,6.094,6.929,1.94,8.034,42.7,6.956,5.492,2.729,10.137,100.0,6.871,0.537,6.557,7.155,54.2,6.891,0.455,6.602,7.084,100.0,83.575,9.413,78.925,89.812,32.8,82.193,5.983,78.133,85.925,100.0
2001,40.425,12.487,31.468,47.595,55.6,41.836,11.86,31.593,48.915,100.0,26.095,45.338,7.158,26.136,55.6,33.942,37.914,11.815,37.754,100.0,83.545,44.889,54.528,105.64,31.5,69.429,35.56,55.748,85.757,100.0,,,,,0.0,,,,,0.0,,,,,0.0,,,,,0.0,3.002,1.339,2.163,3.649,2.4,3.494,0.0,3.494,3.494,100.0,6.828,9.227,1.733,8.481,42.7,8.517,7.358,3.761,11.436,100.0,6.863,0.517,6.548,7.143,55.5,6.89,0.443,6.6,7.066,100.0,83.392,8.864,78.178,89.809,32.7,81.794,5.784,78.012,86.731,100.0
2002,39.59,12.794,30.396,46.884,55.8,40.933,12.014,30.469,47.988,100.0,24.474,43.445,6.4,24.965,55.8,33.306,40.774,10.933,34.877,100.0,76.573,44.888,49.789,95.821,31.5,61.471,34.98,43.363,80.286,100.0,,,,,0.0,,,,,0.0,,,,,0.0,,,,,0.0,3.142,1.533,1.904,4.235,2.4,3.694,0.0,3.694,3.694,100.0,6.991,10.005,1.855,7.89,42.7,9.66,7.656,4.679,13.585,100.0,6.985,0.519,6.684,7.232,55.8,7.001,0.438,6.717,7.213,100.0,83.633,10.712,77.697,90.227,32.8,82.444,5.756,78.323,86.215,100.0
2003,39.214,11.961,29.918,45.971,55.7,40.219,11.29,30.786,45.865,100.0,24.14,43.72,6.45,24.036,55.8,32.115,35.349,11.986,34.193,100.0,71.148,40.519,41.667,97.384,31.7,60.86,34.122,42.894,76.114,100.0,,,,,0.0,,,,,0.0,,,,,0.0,,,,,0.0,3.727,1.33,2.764,4.422,2.4,4.151,0.0,4.151,4.151,100.0,7.896,11.469,1.829,9.168,42.6,10.644,8.871,4.124,14.616,100.0,7.016,0.503,6.727,7.253,55.7,7.053,0.417,6.789,7.204,100.0,83.22,10.038,77.5,90.036,36.0,82.879,5.253,80.518,86.22,100.0
2004,40.559,11.671,31.499,46.459,55.7,42.061,11.305,32.799,48.225,100.0,25.615,45.688,7.319,24.474,55.7,34.826,41.7,13.332,36.52,100.0,82.039,47.859,45.45,111.588,33.7,75.029,38.441,54.832,96.022,100.0,,,,,0.0,,,,,0.0,,,,,0.0,,,,,0.0,3.026,1.491,2.078,3.959,3.4,3.299,0.308,3.224,3.406,100.0,7.556,10.002,1.967,9.205,44.5,10.471,6.284,5.322,14.032,100.0,6.856,0.638,6.582,7.163,56.9,6.833,0.532,6.606,7.097,100.0,80.928,12.429,76.03,89.229,37.5,80.345,6.373,76.698,84.338,100.0
2005,41.191,11.754,32.307,47.947,56.5,42.63,11.109,33.658,49.314,100.0,25.011,40.749,7.464,25.65,56.5,31.754,32.953,11.535,38.679,100.0,86.165,56.308,51.077,112.13,36.6,74.453,37.382,36.632,99.113,100.0,,,,,0.0,,,,,0.0,,,,,0.0,,,,,0.0,3.473,1.507,2.117,4.401,2.4,3.78,0.223,3.813,3.929,100.0,7.505,10.123,1.725,9.322,44.2,9.329,7.549,4.067,12.408,100.0,6.947,0.506,6.65,7.188,56.5,6.994,0.437,6.698,7.159,100.0,78.207,14.188,71.726,88.375,36.4,76.039,8.71,69.372,82.572,100.0
2006,40.582,12.898,32.031,48.386,56.2,42.543,11.832,31.927,50.8,100.0,25.277,41.411,6.786,26.637,56.8,33.882,34.195,12.763,38.801,100.0,88.929,49.368,51.775,116.792,33.3,83.975,32.134,66.45,100.604,100.0,888.236,805.19,1.792,1900.0,2.8,424.304,409.057,108.058,740.841,100.0,,,,,0.0,,,,,0.0,3.173,1.598,1.866,4.215,3.4,3.368,0.349,3.215,3.65,100.0,7.327,10.767,1.85,8.01,45.4,9.687,7.959,4.131,14.677,100.0,6.948,0.539,6.707,7.182,56.8,6.965,0.474,6.701,7.139,100.0,79.513,14.446,72.738,88.516,33.7,80.21,6.759,76.363,84.929,100.0
2007,37.338,12.687,28.051,45.646,60.9,37.238,12.846,27.299,44.085,100.0,19.814,34.454,5.489,20.917,61.2,22.781,24.635,7.114,24.025,100.0,94.89,60.866,52.072,125.141,33.5,78.838,43.346,56.331,96.399,100.0,511.286,535.687,215.778,646.093,60.3,547.455,473.92,222.981,701.841,100.0,108.968,50.552,75.953,132.774,60.3,112.416,35.514,85.707,132.983,100.0,2.377,1.007,1.499,2.866,4.4,2.821,0.424,2.735,3.075,100.0,7.117,9.619,1.672,8.975,46.9,9.258,6.027,4.576,13.22,100.0,6.935,0.542,6.638,7.195,61.1,7.025,0.487,6.761,7.162,100.0,83.584,12.446,78.472,91.631,35.5,82.574,5.911,80.192,85.861,100.0
2008,39.472,12.932,30.077,48.303,61.2,39.746,13.224,29.552,48.429,100.0,23.293,44.538,6.548,25.3,61.3,26.481,29.799,8.592,26.733,100.0,95.499,63.777,51.684,127.731,42.1,103.589,46.266,73.964,123.97,100.0,516.863,575.455,221.61,619.469,60.0,557.758,516.099,226.057,717.313,100.0,89.915,45.335,64.236,105.098,60.0,87.209,24.137,69.805,101.671,100.0,2.462,1.152,1.732,2.827,5.0,2.847,0.451,2.737,3.105,100.0,8.379,10.164,1.75,10.64,48.7,11.622,8.66,4.662,18.392,100.0,6.924,0.545,6.635,7.19,61.2,6.927,0.481,6.625,7.16,100.0,81.874,12.917,76.633,90.037,40.4,82.354,6.214,79.235,86.44,100.0
2009,39.703,12.948,30.659,48.043,61.0,39.901,13.893,30.041,49.566,100.0,23.448,41.697,6.754,25.906,61.1,28.979,30.394,9.264,35.827,100.0,92.736,49.967,58.117,121.144,36.5,95.511,35.476,72.281,114.132,100.0,508.527,467.778,240.804,618.801,60.1,548.568,414.684,250.264,790.335,100.0,90.028,44.61,63.847,106.389,60.1,89.905,23.933,76.303,102.428,100.0,2.181,0.937,1.702,2.633,5.9,2.616,0.334,2.418,2.828,100.0,7.772,9.819,1.688,10.53,51.2,9.775,7.478,3.537,14.952,100.0,6.909,0.558,6.595,7.18,61.0,6.985,0.497,6.7,7.174,100.0,89.264,25.586,77.392,93.6,34.9,91.665,11.404,84.91,99.521,100.0
2010,40.028,12.978,30.198,48.599,60.5,40.153,14.196,30.446,49.611,100.0,24.304,39.489,6.607,26.5,60.6,30.097,33.133,9.319,33.072,100.0,87.167,46.135,52.917,113.611,32.4,85.432,36.151,58.799,99.166,100.0,523.394,541.493,232.707,630.83,59.6,576.888,494.713,249.619,833.945,100.0,93.826,37.379,67.973,114.101,59.2,96.644,26.151,79.79,112.6,100.0,1.992,0.776,1.559,2.56,6.6,2.13,0.242,1.817,2.301,100.0,10.42,12.929,2.319,14.302,48.5,14.043,8.783,6.337,20.299,100.0,6.92,0.528,6.622,7.17,60.7,6.992,0.495,6.689,7.179,100.0,80.242,25.116,70.744,88.203,41.7,77.646,12.777,70.089,85.208,100.0
2011,40.631,12.534,31.394,48.332,60.9,40.736,13.265,30.571,48.362,100.0,24.569,42.016,7.319,25.326,61.0,29.838,37.197,8.387,31.071,100.0,96.856,70.863,51.667,123.084,32.8,98.339,54.093,68.094,113.499,100.0,560.198,521.755,259.826,699.194,59.9,593.859,474.172,247.376,815.546,100.0,94.049,35.877,70.686,110.853,59.8,93.318,20.668,80.382,104.286,100.0,1.928,0.892,1.283,2.491,6.6,2.151,0.414,1.729,2.424,100.0,9.037,11.278,2.125,11.2,48.5,11.239,7.985,4.647,15.129,100.0,6.846,0.581,6.466,7.152,61.0,6.954,0.548,6.599,7.115,100.0,90.18,26.427,77.405,96.008,36.1,90.729,12.213,83.056,98.998,100.0
2012,39.452,13.17,31.372,47.795,61.0,39.153,13.919,29.358,47.433,100.0,22.262,37.798,6.896,23.737,61.2,26.305,29.87,7.808,30.542,100.0,98.142,58.921,49.175,133.337,32.4,91.211,40.983,53.873,103.779,100.0,536.397,536.477,237.904,661.499,60.3,587.13,528.324,233.106,835.419,100.0,93.325,37.254,66.564,112.916,60.3,97.459,26.116,79.952,115.2,100.0,2.213,0.847,1.728,2.545,9.0,2.256,0.343,2.033,2.451,100.0,8.23,12.402,1.885,9.556,47.7,12.884,10.838,5.752,17.343,100.0,6.833,0.539,6.516,7.1,61.2,6.927,0.494,6.634,7.07,100.0,92.68,23.903,80.64,95.92,34.7,94.746,14.673,85.026,103.6,100.0
2013,39.421,13.168,29.864,48.226,60.8,39.524,13.461,28.415,49.035,100.0,22.894,37.905,6.238,26.106,61.0,26.808,26.906,7.818,35.943,100.0,102.817,43.858,69.715,129.01,28.9,100.023,28.964,80.578,110.511,100.0,558.258,692.795,233.886,637.591,60.0,641.028,686.248,222.616,807.225,100.0,94.796,41.868,67.597,113.213,60.0,98.381,29.949,78.345,114.355,100.0,2.865,2.316,1.566,3.044,15.6,2.762,0.586,2.268,3.157,100.0,9.958,14.253,2.2,11.54,47.6,12.955,10.426,5.044,18.307,100.0,6.899,0.493,6.62,7.128,61.3,6.964,0.454,6.672,7.112,100.0,79.439,16.73,71.292,88.666,38.1,78.829,7.282,74.077,84.694,100.0
2014,38.656,12.458,29.668,46.724,61.1,38.196,11.239,29.462,45.707,100.0,19.642,34.692,5.85,21.489,61.6,21.021,20.226,8.262,26.478,100.0,109.715,50.058,71.265,139.959,30.2,101.764,31.379,83.929,115.553,100.0,562.529,659.56,221.147,680.203,60.4,638.4,714.111,230.267,734.419,100.0,94.049,43.189,65.983,112.392,60.4,92.446,26.887,70.667,108.373,100.0,2.676,1.301,1.752,3.309,20.8,2.73,0.669,2.512,2.965,100.0,9.302,12.745,2.25,10.736,47.6,11.955,8.489,5.786,15.039,100.0,6.881,0.528,6.572,7.141,61.7,6.913,0.464,6.634,7.068,100.0,81.957,12.8,75.02,89.287,40.3,80.242,5.477,76.465,84.453,100.0
2015,39.425,13.163,30.585,48.2,60.6,38.837,13.488,29.664,49.246,100.0,22.716,49.756,5.957,22.248,61.2,23.594,27.093,7.645,26.594,100.0,115.632,57.211,74.358,147.825,32.4,118.605,39.942,96.758,159.497,100.0,592.564,672.141,225.484,717.44,60.5,670.165,642.738,231.729,936.186,100.0,93.256,46.476,65.652,109.606,60.3,96.245,26.559,78.638,110.049,100.0,2.497,1.319,1.671,2.968,19.5,2.324,0.693,2.001,2.42,100.0,8.24,13.667,2.025,9.5,46.4,9.612,7.397,4.462,11.545,100.0,6.848,0.549,6.521,7.132,61.3,6.939,0.484,6.637,7.163,100.0,81.649,16.424,71.167,91.576,37.9,80.948,7.534,75.223,85.856,100.0
2016,39.101,12.297,30.405,47.182,59.6,38.821,12.194,29.868,47.599,100.0,19.615,36.969,5.647,21.313,60.7,20.054,21.039,7.097,23.569,100.0,99.511,51.461,64.157,126.507,33.3,89.541,32.299,58.727,106.668,100.0,596.642,746.79,210.346,682.59,59.5,652.474,649.144,242.826,943.195,100.0,94.777,41.984,69.127,110.391,59.5,99.441,32.298,77.858,110.338,100.0,3.153,1.455,2.155,4.002,23.0,3.283,0.752,2.843,3.93,100.0,7.568,9.714,2.378,9.233,46.5,9.015,6.474,4.03,12.883,100.0,6.901,0.544,6.582,7.159,61.4,6.986,0.489,6.663,7.218,100.0,82.321,17.063,74.55,91.239,38.4,80.778,6.706,76.363,85.407,100.0
2017,38.22,13.755,28.864,47.4,60.2,38.062,14.336,26.976,50.589,100.0,20.398,42.749,4.871,21.817,60.9,20.535,22.712,6.237,25.544,100.0,105.645,56.935,60.115,140.0,39.0,86.155,43.132,55.287,121.48,100.0,612.722,805.842,205.395,722.279,59.9,703.003,805.484,198.944,924.906,100.0,102.557,40.719,75.722,123.258,59.9,107.204,30.207,85.853,126.951,100.0,3.219,1.387,2.154,4.075,22.7,3.485,0.836,2.886,4.052,100.0,7.624,9.702,2.021,8.303,46.5,9.713,7.891,3.885,13.691,100.0,6.836,0.552,6.495,7.118,61.2,6.928,0.512,6.591,7.138,100.0,81.866,19.025,74.891,90.757,37.7,80.483,7.17,76.859,84.854,100.0
2018,38.988,14.753,28.535,49.063,59.9,38.24,14.726,27.038,48.523,100.0,25.861,68.225,5.174,25.301,60.3,26.47,30.593,7.117,31.176,100.0,103.014,50.666,63.504,136.462,38.1,87.156,40.827,61.574,112.576,100.0,863.589,2425.134,225.005,774.876,59.6,1295.025,2654.4,221.07,1026.729,100.0,107.695,51.936,75.087,126.294,59.3,114.261,43.839,84.448,135.328,100.0,3.024,1.424,2.082,3.856,27.8,3.101,0.77,2.897,3.4,100.0,9.848,14.286,2.567,11.05,46.5,11.934,9.092,5.51,16.215,100.0,6.815,0.555,6.476,7.077,60.9,6.886,0.539,6.514,7.224,100.0,82.861,20.313,71.831,92.189,45.5,82.94,10.345,73.412,90.431,100.0
2019,38.706,13.559,29.25,47.621,60.8,38.377,13.816,27.478,47.989,100.0,22.081,36.769,5.341,23.627,61.6,22.476,23.294,7.133,28.908,100.0,104.877,56.443,60.858,142.136,38.7,87.422,43.958,53.143,118.421,100.0,829.386,1666.934,216.905,751.424,60.8,1134.664,2171.43,221.451,977.927,100.0,109.005,58.369,76.749,123.791,60.6,114.971,55.777,86.704,120.608,100.0,3.205,1.389,2.25,3.99,27.9,3.304,0.687,2.98,3.865,100.0,8.14,9.759,2.394,9.813,46.4,10.327,7.394,4.527,12.966,100.0,6.843,0.53,6.529,7.11,61.8,6.9,0.497,6.628,7.115,100.0,82.56,15.372,73.199,91.975,39.6,84.924,9.378,78.428,91.113,100.0
2020,39.281,14.566,28.912,50.17,61.2,38.257,14.249,28.626,49.629,100.0,24.072,42.884,5.739,27.911,61.8,24.771,28.56,7.651,30.967,100.0,117.599,65.758,63.11,155.785,37.6,101.102,50.003,63.884,141.121,100.0,800.562,1297.186,226.624,829.711,60.8,1001.893,1612.676,233.521,952.341,100.0,102.297,59.135,67.572,118.668,60.8,109.266,54.858,78.993,119.617,100.0,3.37,1.689,2.254,4.094,26.8,3.864,1.199,2.606,4.78,100.0,6.991,8.314,2.157,8.343,46.9,9.401,6.602,4.706,11.732,100.0,6.88,0.572,6.526,7.158,61.8,6.934,0.529,6.643,7.132,100.0,81.625,16.961,74.379,89.314,42.3,83.546,6.734,79.261,87.539,100.0
2021,39.545,14.05,29.744,49.799,61.6,38.805,12.829,29.235,48.124,100.0,25.054,52.811,6.101,28.067,61.8,25.022,30.262,7.917,32.265,100.0,119.642,63.623,62.248,162.902,37.3,102.068,50.062,65.731,143.416,100.0,807.617,1263.586,224.989,866.797,61.1,991.314,1375.967,241.0,1065.646,100.0,97.848,59.433,64.127,113.199,61.0,102.038,51.848,71.451,111.969,100.0,3.623,2.088,2.25,4.098,35.1,3.704,1.209,2.614,4.919,100.0,8.487,11.316,2.221,9.776,48.9,10.834,8.024,4.775,15.443,100.0,6.823,0.595,6.457,7.132,61.8,6.875,0.548,6.507,7.137,100.0,83.714,16.449,76.071,91.041,46.2,84.208,6.712,79.127,88.489,100.0
2022,39.568,13.778,29.562,50.111,60.5,39.294,13.715,28.739,49.041,100.0,22.973,35.669,5.662,27.974,61.2,24.824,22.46,9.166,33.631,100.0,108.656,56.954,61.645,144.11,38.3,95.479,46.085,62.094,131.587,100.0,703.956,923.719,199.495,810.723,60.4,811.598,960.974,218.057,1057.0,100.0,92.889,45.625,63.474,112.02,60.4,99.878,39.279,76.485,109.877,100.0,3.891,2.544,2.38,4.542,32.6,4.007,1.486,2.817,5.601,100.0,8.299,11.999,2.044,9.763,47.6,10.928,9.351,4.311,15.11,100.0,6.899,0.53,6.58,7.133,61.6,6.953,0.486,6.659,7.165,100.0,79.064,18.702,70.394,91.766,46.8,81.366,8.102,76.092,88.264,100.0
2023,39.415,13.235,29.434,48.342,60.2,39.563,12.865,28.071,50.874,100.0,21.635,34.801,5.704,23.084,60.9,22.228,22.984,6.627,29.157,100.0,132.42,78.695,76.368,166.555,33.6,117.647,49.02,79.357,144.01,100.0,690.489,942.023,185.303,823.697,60.1,758.232,885.271,217.667,943.738,100.0,96.815,44.359,64.374,119.94,60.1,98.39,31.986,75.074,117.429,100.0,3.214,1.678,2.079,3.918,37.5,3.275,1.041,2.421,4.219,100.0,7.829,8.694,2.149,10.672,46.7,10.299,6.399,5.789,13.323,100.0,6.787,0.544,6.442,7.084,61.2,6.871,0.485,6.586,7.071,100.0,77.878,19.583,69.392,90.128,45.5,80.602,8.038,75.378,86.211,100.0
2024,38.487,14.097,28.998,48.302,60.7,37.76,14.416,26.574,47.902,100.0,21.186,35.244,5.768,23.962,61.2,21.232,20.717,7.409,26.033,100.0,134.412,70.69,77.718,176.847,30.8,117.409,44.013,91.38,146.72,100.0,618.009,770.819,200.887,791.041,60.2,663.795,746.904,214.767,826.095,100.0,92.458,38.983,66.357,110.984,60.2,97.004,28.69,76.116,111.674,100.0,3.578,2.164,2.175,4.287,32.3,3.991,1.621,2.677,5.781,100.0,7.699,10.232,2.078,9.316,45.9,9.826,7.612,4.002,14.415,100.0,6.769,0.536,6.428,7.039,61.3,6.862,0.469,6.573,7.048,100.0,77.476,18.244,70.262,89.06,41.8,76.703,7.567,70.129,80.602,100.0
2025,38.415,13.118,29.451,47.106,60.3,38.08,13.413,28.613,48.546,100.0,19.602,23.934,5.921,22.529,60.9,20.775,19.568,7.317,27.908,100.0,119.515,65.594,63.725,160.153,20.3,126.11,40.764,93.529,167.041,100.0,595.926,690.302,235.431,720.489,60.0,725.585,801.068,238.371,915.965,100.0,93.837,43.163,67.2,110.795,59.9,97.61,34.416,71.792,111.232,100.0,3.566,1.906,2.2,4.3,27.3,3.493,0.925,3.15,3.995,100.0,6.969,8.474,1.876,8.509,45.2,9.516,7.297,3.928,13.68,100.0,6.828,0.552,6.517,7.086,61.0,6.909,0.48,6.647,7.082,100.0,81.915,12.657,75.255,89.612,36.7,80.808,6.763,76.199,84.373,100.0
