model,target,trophic_class,nominal_coverage,picp,ece,pinaw,winkler_score,n
convlstm,chla_ug_l,all,0.8,0.706,0.0937,4.8446,7.194,49302
convlstm,chla_ug_l,oligotrophic,0.8,0.957,0.157,4.8446,5.102,17542
convlstm,chla_ug_l,mesotrophic,0.8,0.701,0.0991,4.8446,6.292,17732
convlstm,chla_ug_l,eutrophic,0.8,0.233,0.5674,4.8446,12.132,6965
convlstm,chla_ug_l,hypereutrophic,0.8,0.082,0.7178,4.8446,19.764,1399
convlstm,chla_ug_l,all,0.9,0.833,0.0671,5.9219,8.169,49302
convlstm,chla_ug_l,oligotrophic,0.9,0.982,0.0822,5.9219,6.125,17542
convlstm,chla_ug_l,mesotrophic,0.9,0.892,0.0082,5.9219,6.716,17732
convlstm,chla_ug_l,eutrophic,0.9,0.445,0.4549,5.9219,13.314,6965
convlstm,chla_ug_l,hypereutrophic,0.9,0.157,0.7427,5.9219,26.256,1399
convlstm,chla_ug_l,all,0.95,0.902,0.048,6.7938,9.012,49302
convlstm,chla_ug_l,oligotrophic,0.95,0.991,0.0411,6.7938,6.977,17542
convlstm,chla_ug_l,mesotrophic,0.95,0.966,0.0159,6.7938,7.219,17732
convlstm,chla_ug_l,eutrophic,0.95,0.646,0.3041,6.7938,13.666,6965
convlstm,chla_ug_l,hypereutrophic,0.95,0.242,0.7084,6.7938,33.476,1399
convlstm,tp_ug_l,all,0.8,0.829,0.029,8.1222,9.125,502633
convlstm,tp_ug_l,oligotrophic,0.8,1.0,0.2,8.1222,8.122,148290
convlstm,tp_ug_l,mesotrophic,0.8,1.0,0.2,8.1222,8.122,206772
convlstm,tp_ug_l,eutrophic,0.8,0.535,0.2649,8.1222,9.391,115111
convlstm,tp_ug_l,hypereutrophic,0.8,0.0,0.8,8.1222,19.152,32459
convlstm,tp_ug_l,all,0.9,0.911,0.0114,8.9801,9.894,502633
convlstm,tp_ug_l,oligotrophic,0.9,1.0,0.1,8.9801,8.98,148290
convlstm,tp_ug_l,mesotrophic,0.9,1.0,0.1,8.9801,8.98,206772
convlstm,tp_ug_l,eutrophic,0.9,0.895,0.0048,8.9801,9.168,115111
convlstm,tp_ug_l,hypereutrophic,0.9,0.0,0.9,8.9801,22.46,32459
convlstm,tp_ug_l,all,0.95,0.955,0.0046,9.6829,10.593,502633
convlstm,tp_ug_l,oligotrophic,0.95,1.0,0.05,9.6829,9.683,148290
convlstm,tp_ug_l,mesotrophic,0.95,1.0,0.05,9.6829,9.683,206772
convlstm,tp_ug_l,eutrophic,0.95,1.0,0.05,9.6829,9.683,115111
convlstm,tp_ug_l,hypereutrophic,0.95,0.297,0.6526,9.6829,23.769,32459
convlstm,secchi_m,all,0.8,0.797,0.0026,3.2156,3.728,16163
convlstm,secchi_m,oligotrophic,0.8,0.554,0.2464,3.2156,4.464,4086
convlstm,secchi_m,mesotrophic,0.8,0.92,0.1198,3.2156,3.345,5636
convlstm,secchi_m,eutrophic,0.8,0.987,0.1867,3.2156,3.23,2328
convlstm,secchi_m,hypereutrophic,0.8,0.995,0.1952,3.2156,3.216,415
convlstm,secchi_m,all,0.9,0.912,0.0117,3.6799,4.062,16163
convlstm,secchi_m,oligotrophic,0.9,0.782,0.1181,3.6799,4.681,4086
convlstm,secchi_m,mesotrophic,0.9,0.978,0.0776,3.6799,3.73,5636
convlstm,secchi_m,eutrophic,0.9,0.997,0.0974,3.6799,3.683,2328
convlstm,secchi_m,hypereutrophic,0.9,1.0,0.1,3.6799,3.68,415
convlstm,secchi_m,all,0.95,0.96,0.0103,4.0249,4.367,16163
convlstm,secchi_m,oligotrophic,0.95,0.892,0.0582,4.0249,4.935,4086
convlstm,secchi_m,mesotrophic,0.95,0.996,0.0456,4.0249,4.046,5636
convlstm,secchi_m,eutrophic,0.95,1.0,0.05,4.0249,4.025,2328
convlstm,secchi_m,hypereutrophic,0.95,1.0,0.05,4.0249,4.025,415
cnn_transformer,chla_ug_l,all,0.8,0.704,0.0958,4.8842,7.212,49302
cnn_transformer,chla_ug_l,oligotrophic,0.8,0.955,0.1546,4.8842,5.161,17542
cnn_transformer,chla_ug_l,mesotrophic,0.8,0.696,0.1038,4.8842,6.389,17732
cnn_transformer,chla_ug_l,eutrophic,0.8,0.247,0.5532,4.8842,11.863,6965
cnn_transformer,chla_ug_l,hypereutrophic,0.8,0.088,0.7121,4.8842,19.153,1399
cnn_transformer,chla_ug_l,all,0.9,0.83,0.0705,5.957,8.149,49302
cnn_transformer,chla_ug_l,oligotrophic,0.9,0.98,0.08,5.957,6.177,17542
cnn_transformer,chla_ug_l,mesotrophic,0.9,0.883,0.0174,5.957,6.807,17732
cnn_transformer,chla_ug_l,eutrophic,0.9,0.459,0.441,5.957,12.915,6965
cnn_transformer,chla_ug_l,hypereutrophic,0.9,0.169,0.7306,5.957,25.145,1399
cnn_transformer,chla_ug_l,all,0.95,0.906,0.0439,6.8625,8.901,49302
cnn_transformer,chla_ug_l,oligotrophic,0.95,0.991,0.0406,6.8625,7.046,17542
cnn_transformer,chla_ug_l,mesotrophic,0.95,0.965,0.0149,6.8625,7.301,17732
cnn_transformer,chla_ug_l,eutrophic,0.95,0.675,0.2748,6.8625,12.949,6965
cnn_transformer,chla_ug_l,hypereutrophic,0.95,0.272,0.6777,6.8625,31.01,1399
cnn_transformer,tp_ug_l,all,0.8,0.832,0.0321,8.0704,9.07,502633
cnn_transformer,tp_ug_l,oligotrophic,0.8,1.0,0.2,8.0704,8.07,148290
cnn_transformer,tp_ug_l,mesotrophic,0.8,1.0,0.2,8.0704,8.07,206772
cnn_transformer,tp_ug_l,eutrophic,0.8,0.549,0.2511,8.0704,9.338,115111
cnn_transformer,tp_ug_l,hypereutrophic,0.8,0.0,0.8,8.0704,19.051,32459
cnn_transformer,tp_ug_l,all,0.9,0.912,0.012,8.9185,9.854,502633
cnn_transformer,tp_ug_l,oligotrophic,0.9,1.0,0.1,8.9185,8.918,148290
cnn_transformer,tp_ug_l,mesotrophic,0.9,1.0,0.1,8.9185,8.918,206772
cnn_transformer,tp_ug_l,eutrophic,0.9,0.895,0.0047,8.9185,9.198,115111
cnn_transformer,tp_ug_l,hypereutrophic,0.9,0.008,0.8918,8.9185,22.409,32459
cnn_transformer,tp_ug_l,all,0.95,0.954,0.0037,9.6331,10.566,502633
cnn_transformer,tp_ug_l,oligotrophic,0.95,1.0,0.05,9.6331,9.633,148290
cnn_transformer,tp_ug_l,mesotrophic,0.95,1.0,0.05,9.6331,9.633,206772
cnn_transformer,tp_ug_l,eutrophic,0.95,0.996,0.0464,9.6331,9.636,115111
cnn_transformer,tp_ug_l,hypereutrophic,0.95,0.296,0.654,9.6331,24.072,32459
cnn_transformer,secchi_m,all,0.8,0.747,0.0529,3.2386,3.989,16163
cnn_transformer,secchi_m,oligotrophic,0.8,0.558,0.2422,3.2386,4.826,4086
cnn_transformer,secchi_m,mesotrophic,0.8,0.856,0.0563,3.2386,3.536,5636
cnn_transformer,secchi_m,eutrophic,0.8,0.976,0.1764,3.2386,3.288,2328
cnn_transformer,secchi_m,hypereutrophic,0.8,1.0,0.2,3.2386,3.239,415
cnn_transformer,secchi_m,all,0.9,0.874,0.0263,3.7159,4.326,16163
cnn_transformer,secchi_m,oligotrophic,0.9,0.741,0.1592,3.7159,5.243,4086
cnn_transformer,secchi_m,mesotrophic,0.9,0.951,0.0514,3.7159,3.87,5636
cnn_transformer,secchi_m,eutrophic,0.9,0.991,0.0914,3.7159,3.733,2328
cnn_transformer,secchi_m,hypereutrophic,0.9,1.0,0.1,3.7159,3.716,415
cnn_transformer,secchi_m,all,0.95,0.935,0.0147,4.0801,4.636,16163
cnn_transformer,secchi_m,oligotrophic,0.95,0.84,0.1096,4.0801,5.647,4086
cnn_transformer,secchi_m,mesotrophic,0.95,0.985,0.0346,4.0801,4.174,5636
cnn_transformer,secchi_m,eutrophic,0.95,0.998,0.0483,4.0801,4.091,2328
cnn_transformer,secchi_m,hypereutrophic,0.95,1.0,0.05,4.0801,4.08,415
timesformer,chla_ug_l,all,0.8,0.713,0.0871,4.9504,7.295,49302
timesformer,chla_ug_l,oligotrophic,0.8,0.95,0.1496,4.9504,5.243,17542
timesformer,chla_ug_l,mesotrophic,0.8,0.709,0.0907,4.9504,6.42,17732
timesformer,chla_ug_l,eutrophic,0.8,0.255,0.5449,4.9504,12.204,6965
timesformer,chla_ug_l,hypereutrophic,0.8,0.084,0.7164,4.9504,19.615,1399
timesformer,chla_ug_l,all,0.9,0.835,0.0652,6.017,8.32,49302
timesformer,chla_ug_l,oligotrophic,0.9,0.98,0.0803,6.017,6.257,17542
timesformer,chla_ug_l,mesotrophic,0.9,0.891,0.0088,6.017,6.886,17732
timesformer,chla_ug_l,eutrophic,0.9,0.458,0.4416,6.017,13.587,6965
timesformer,chla_ug_l,hypereutrophic,0.9,0.167,0.7335,6.017,25.978,1399
timesformer,chla_ug_l,all,0.95,0.902,0.0485,6.896,9.221,49302
timesformer,chla_ug_l,oligotrophic,0.95,0.991,0.0407,6.896,7.137,17542
timesformer,chla_ug_l,mesotrophic,0.95,0.96,0.0102,6.896,7.41,17732
timesformer,chla_ug_l,eutrophic,0.95,0.655,0.2946,6.896,14.234,6965
timesformer,chla_ug_l,hypereutrophic,0.95,0.244,0.7055,6.896,32.85,1399
timesformer,tp_ug_l,all,0.8,0.834,0.0343,8.137,9.141,502633
timesformer,tp_ug_l,oligotrophic,0.8,1.0,0.2,8.137,8.137,148290
timesformer,tp_ug_l,mesotrophic,0.8,1.0,0.2,8.137,8.137,206772
timesformer,tp_ug_l,eutrophic,0.8,0.559,0.2414,8.137,9.408,115111
timesformer,tp_ug_l,hypereutrophic,0.8,0.0,0.8,8.137,19.183,32459
timesformer,tp_ug_l,all,0.9,0.912,0.0119,8.9933,9.94,502633
timesformer,tp_ug_l,oligotrophic,0.9,1.0,0.1,8.9933,8.993,148290
timesformer,tp_ug_l,mesotrophic,0.9,1.0,0.1,8.9933,8.993,206772
timesformer,tp_ug_l,eutrophic,0.9,0.894,0.0065,8.9933,9.31,115111
timesformer,tp_ug_l,hypereutrophic,0.9,0.013,0.8873,8.9933,22.531,32459
timesformer,tp_ug_l,all,0.95,0.953,0.0032,9.7148,10.665,502633
timesformer,tp_ug_l,oligotrophic,0.95,1.0,0.05,9.7148,9.715,148290
timesformer,tp_ug_l,mesotrophic,0.95,1.0,0.05,9.7148,9.715,206772
timesformer,tp_ug_l,eutrophic,0.95,0.989,0.0389,9.7148,9.739,115111
timesformer,tp_ug_l,hypereutrophic,0.95,0.314,0.6361,9.7148,24.344,32459
timesformer,secchi_m,all,0.8,0.805,0.0049,3.1564,3.661,16163
timesformer,secchi_m,oligotrophic,0.8,0.547,0.2528,3.1564,4.434,4086
timesformer,secchi_m,mesotrophic,0.8,0.92,0.12,3.1564,3.297,5636
timesformer,secchi_m,eutrophic,0.8,0.986,0.1863,3.1564,3.173,2328
timesformer,secchi_m,hypereutrophic,0.8,0.998,0.1976,3.1564,3.156,415
timesformer,secchi_m,all,0.9,0.92,0.0201,3.6293,4.012,16163
timesformer,secchi_m,oligotrophic,0.9,0.792,0.1075,3.6293,4.668,4086
timesformer,secchi_m,mesotrophic,0.9,0.98,0.0796,3.6293,3.686,5636
timesformer,secchi_m,eutrophic,0.9,0.999,0.0991,3.6293,3.632,2328
timesformer,secchi_m,hypereutrophic,0.9,1.0,0.1,3.6293,3.629,415
timesformer,secchi_m,all,0.95,0.962,0.0118,3.9672,4.341,16163
timesformer,secchi_m,oligotrophic,0.95,0.893,0.057,3.9672,4.996,4086
timesformer,secchi_m,mesotrophic,0.95,0.994,0.0441,3.9672,3.995,5636
timesformer,secchi_m,eutrophic,0.95,1.0,0.0496,3.9672,3.968,2328
timesformer,secchi_m,hypereutrophic,0.95,1.0,0.05,3.9672,3.967,415
stgcn,chla_ug_l,all,0.8,0.711,0.0892,4.4227,6.869,27399
stgcn,chla_ug_l,oligotrophic,0.8,0.958,0.1575,4.4227,4.644,11566
stgcn,chla_ug_l,mesotrophic,0.8,0.607,0.193,4.4227,6.67,9997
stgcn,chla_ug_l,eutrophic,0.8,0.203,0.5972,4.4227,13.561,2870
stgcn,chla_ug_l,hypereutrophic,0.8,0.041,0.7586,4.4227,23.167,604
stgcn,chla_ug_l,all,0.9,0.82,0.0803,5.3653,8.067,27399
stgcn,chla_ug_l,oligotrophic,0.9,0.985,0.0846,5.3653,5.568,11566
stgcn,chla_ug_l,mesotrophic,0.9,0.806,0.0945,5.3653,7.125,9997
stgcn,chla_ug_l,eutrophic,0.9,0.336,0.5641,5.3653,16.71,2870
stgcn,chla_ug_l,hypereutrophic,0.9,0.068,0.8321,5.3653,33.899,604
stgcn,chla_ug_l,all,0.95,0.898,0.0523,6.3535,9.027,27399
stgcn,chla_ug_l,oligotrophic,0.95,0.992,0.0421,6.3535,6.544,11566
stgcn,chla_ug_l,mesotrophic,0.95,0.927,0.0233,6.3535,7.395,9997
stgcn,chla_ug_l,eutrophic,0.95,0.556,0.3943,6.3535,17.989,2870
stgcn,chla_ug_l,hypereutrophic,0.95,0.127,0.8225,6.3535,45.631,604
stgcn,tp_ug_l,all,0.8,0.829,0.029,7.6534,8.803,160291
stgcn,tp_ug_l,oligotrophic,0.8,1.0,0.2,7.6534,7.653,64895
stgcn,tp_ug_l,mesotrophic,0.8,0.995,0.1953,7.6534,7.66,61106
stgcn,tp_ug_l,eutrophic,0.8,0.278,0.5221,7.6534,10.41,25818
stgcn,tp_ug_l,hypereutrophic,0.8,0.0,0.8,7.6534,20.956,8472
stgcn,tp_ug_l,all,0.9,0.914,0.0145,8.7357,9.681,160291
stgcn,tp_ug_l,oligotrophic,0.9,1.0,0.1,8.7357,8.736,64895
stgcn,tp_ug_l,mesotrophic,0.9,1.0,0.0999,8.7357,8.736,61106
stgcn,tp_ug_l,eutrophic,0.9,0.797,0.1025,8.7357,9.423,25818
stgcn,tp_ug_l,hypereutrophic,0.9,0.0,0.8999,8.7357,24.519,8472
stgcn,tp_ug_l,all,0.95,0.96,0.0098,9.6335,10.432,160291
stgcn,tp_ug_l,oligotrophic,0.95,1.0,0.05,9.6335,9.634,64895
stgcn,tp_ug_l,mesotrophic,0.95,1.0,0.05,9.6335,9.634,61106
stgcn,tp_ug_l,eutrophic,0.95,0.99,0.04,9.6335,9.698,25818
stgcn,tp_ug_l,hypereutrophic,0.95,0.269,0.6806,9.6335,24.547,8472
stgcn,secchi_m,all,0.8,0.805,0.0049,3.561,4.028,6911
stgcn,secchi_m,oligotrophic,0.8,0.681,0.1194,3.561,4.429,2542
stgcn,secchi_m,mesotrophic,0.8,0.944,0.1444,3.561,3.664,2354
stgcn,secchi_m,eutrophic,0.8,1.0,0.2,3.561,3.561,694
stgcn,secchi_m,hypereutrophic,0.8,1.0,0.2,3.561,3.561,130
stgcn,secchi_m,all,0.9,0.884,0.0158,3.8462,4.339,6911
stgcn,secchi_m,oligotrophic,0.9,0.794,0.1057,3.8462,4.829,2542
stgcn,secchi_m,mesotrophic,0.9,0.968,0.0677,3.8462,3.934,2354
stgcn,secchi_m,eutrophic,0.9,1.0,0.1,3.8462,3.846,694
stgcn,secchi_m,hypereutrophic,0.9,1.0,0.1,3.8462,3.846,130
stgcn,secchi_m,all,0.95,0.92,0.0296,4.0278,4.664,6911
stgcn,secchi_m,oligotrophic,0.95,0.847,0.1026,4.0278,5.347,2542
stgcn,secchi_m,mesotrophic,0.95,0.981,0.0313,4.0278,4.113,2354
stgcn,secchi_m,eutrophic,0.95,1.0,0.05,4.0278,4.028,694
stgcn,secchi_m,hypereutrophic,0.95,1.0,0.05,4.0278,4.028,130
dcrnn,chla_ug_l,all,0.8,0.713,0.0871,4.3362,6.707,27399
dcrnn,chla_ug_l,oligotrophic,0.8,0.96,0.1598,4.3362,4.549,11566
dcrnn,chla_ug_l,mesotrophic,0.8,0.612,0.1881,4.3362,6.522,9997
dcrnn,chla_ug_l,eutrophic,0.8,0.207,0.593,4.3362,13.131,2870
dcrnn,chla_ug_l,hypereutrophic,0.8,0.04,0.7603,4.3362,22.011,604
dcrnn,chla_ug_l,all,0.9,0.821,0.0787,5.278,7.847,27399
dcrnn,chla_ug_l,oligotrophic,0.9,0.985,0.085,5.278,5.471,11566
dcrnn,chla_ug_l,mesotrophic,0.9,0.811,0.0894,5.278,6.977,9997
dcrnn,chla_ug_l,eutrophic,0.9,0.339,0.561,5.278,15.925,2870
dcrnn,chla_ug_l,hypereutrophic,0.9,0.079,0.8205,5.278,31.721,604
dcrnn,chla_ug_l,all,0.95,0.9,0.0498,6.2723,8.713,27399
dcrnn,chla_ug_l,oligotrophic,0.95,0.993,0.0427,6.2723,6.458,11566
dcrnn,chla_ug_l,mesotrophic,0.95,0.931,0.0191,6.2723,7.242,9997
dcrnn,chla_ug_l,eutrophic,0.95,0.56,0.3897,6.2723,16.687,2870
dcrnn,chla_ug_l,hypereutrophic,0.95,0.151,0.7993,6.2723,41.43,604
dcrnn,tp_ug_l,all,0.8,0.83,0.0298,7.7673,8.946,160291
dcrnn,tp_ug_l,oligotrophic,0.8,1.0,0.2,7.7673,7.767,64895
dcrnn,tp_ug_l,mesotrophic,0.8,0.998,0.1977,7.7673,7.768,61106
dcrnn,tp_ug_l,eutrophic,0.8,0.277,0.5229,7.7673,10.594,25818
dcrnn,tp_ug_l,hypereutrophic,0.8,0.0,0.8,7.7673,21.459,8472
dcrnn,tp_ug_l,all,0.9,0.913,0.0134,8.8543,9.85,160291
dcrnn,tp_ug_l,oligotrophic,0.9,1.0,0.1,8.8543,8.854,64895
dcrnn,tp_ug_l,mesotrophic,0.9,1.0,0.1,8.8543,8.854,61106
dcrnn,tp_ug_l,eutrophic,0.9,0.79,0.11,8.8543,9.62,25818
dcrnn,tp_ug_l,hypereutrophic,0.9,0.002,0.8985,8.8543,25.368,8472
dcrnn,tp_ug_l,all,0.95,0.957,0.0067,9.7301,10.618,160291
dcrnn,tp_ug_l,oligotrophic,0.95,1.0,0.05,9.7301,9.73,64895
dcrnn,tp_ug_l,mesotrophic,0.95,1.0,0.05,9.7301,9.73,61106
dcrnn,tp_ug_l,eutrophic,0.95,0.993,0.0433,9.7301,9.742,25818
dcrnn,tp_ug_l,hypereutrophic,0.95,0.201,0.7491,9.7301,26.489,8472
dcrnn,secchi_m,all,0.8,0.854,0.0536,3.4522,3.766,6911
dcrnn,secchi_m,oligotrophic,0.8,0.724,0.0758,3.4522,4.09,2542
dcrnn,secchi_m,mesotrophic,0.8,0.968,0.1677,3.4522,3.493,2354
dcrnn,secchi_m,eutrophic,0.8,0.999,0.1986,3.4522,3.454,694
dcrnn,secchi_m,hypereutrophic,0.8,0.992,0.1923,3.4522,3.455,130
dcrnn,secchi_m,all,0.9,0.928,0.0277,3.7499,4.062,6911
dcrnn,secchi_m,oligotrophic,0.9,0.851,0.0487,3.7499,4.407,2542
dcrnn,secchi_m,mesotrophic,0.9,0.988,0.0881,3.7499,3.774,2354
dcrnn,secchi_m,eutrophic,0.9,0.999,0.0986,3.7499,3.75,694
dcrnn,secchi_m,hypereutrophic,0.9,1.0,0.1,3.7499,3.75,130
dcrnn,secchi_m,all,0.95,0.955,0.005,3.9206,4.344,6911
dcrnn,secchi_m,oligotrophic,0.95,0.905,0.0448,3.9206,4.817,2542
dcrnn,secchi_m,mesotrophic,0.95,0.994,0.0445,3.9206,3.942,2354
dcrnn,secchi_m,eutrophic,0.95,1.0,0.05,3.9206,3.921,694
dcrnn,secchi_m,hypereutrophic,0.95,1.0,0.05,3.9206,3.921,130
